form	lemma	POS	morph
		
༽		PUNCT
བསྐྱེད་རྫོགས་	བསྐྱེད་རྫོགས་	NOUN
གཏུམ་མོ་	གཏུམ་མོ་	NOUN
འི་	གི་	PART
གེགས་	གེགས་	NOUN
སེལ་	སེལ་	VERB
འོད་གསལ་	འོད་གསལ་	NOUN
སྤྱི་དོན་	སྤྱི་དོན་	NOUN
བསྡུས་པ་	བསྡུས་པ་	VERB
སློབ་བུ་	སློབ་བུ་	OTHER
ལ་	ལ་	PART
གདམས་པ་	གདམས་པ་	VERB
ཞར་བྱུང་	ཞར་བྱུང་	OTHER
རྫུན་	རྫུན་	NOUN
གྱི་	གི་	PART
རི་མོ་	རི་མོ་	NOUN
སྣང་བ་	སྣང་བ་	VERB
འི་	གི་	PART
སྒོ་	སྒོ་	NOUN
འབྱེད་	འབྱེད་	VERB
ཅེས་བྱ་བ་	ཅེས་བྱ་བ་	NO_POS
ཡོད་	ཡོད་	VERB
དོ་	གོ་	PART
།		PUNCT
འོད་གསལ་	འོད་གསལ་	NOUN
དེ་	སྟེ་	PART
ལ་	ལ་	PART
གཞི་	གཞི་	NOUN
འི་	གི་	PART
འོད་གསལ་	འོད་གསལ་	NOUN
།		PUNCT
ལམ་	གམ་	PART
གྱི་	གི་	PART
འོད་གསལ་	འོད་གསལ་	NOUN
།		PUNCT
འབྲས་བུ་	འབྲས་བུ་	NOUN
འི་	གི་	PART
འོད་གསལ་	འོད་གསལ་	NOUN
དང་	དང་	NO_POS
གསུམ་	གསུམ་	NUM
དུ་ཡོད་པ་	དུ་ཡོད་པ་	NO_POS
ལ་	ལ་	PART
།		PUNCT
གཞི་	གཞི་	NOUN
དུས་	དུས་	NOUN
ཀྱི་	གི་	PART
འོད་གསལ་	འོད་གསལ་	NOUN
ཞེས་་	ཞེས་པ་	PART
ནི་	ནི་	NO_POS
།		PUNCT
ངོ་བོ་	ངོ་བོ་	NOUN
འི་	གི་	PART
གདངས་	གདངས་	NOUN
།		PUNCT
རྣམ་པ་	རྣམ་པ་	NOUN
འི་	གི་	PART
མདངས་	མདངས་	NOUN
།		PUNCT
ཉམས་	ཉམས་	NOUN
ཀྱི་	གི་	PART
མྱོང་	མྱོང་	VERB
ཞེན་	ཞེན་	VERB
དང་	དང་	NO_POS
གསུམ་	གསུམ་	NUM
།		PUNCT
ལམ་	གམ་	PART
དུས་	དུས་	NOUN
ཀྱི་	གི་	PART
འོད་གསལ་	འོད་གསལ་	NOUN
ནི་	ནི་	NO_POS
།		PUNCT
ཐབས་	ཐབས་	NOUN
བསྐྱེད་རིམ་	བསྐྱེད་རིམ་	NOUN
།		PUNCT
རྫོགས་རིམ་	རྫོགས་རིམ་	NOUN
གཏུམ་མོ་	གཏུམ་མོ་	NOUN
།		PUNCT
རྨི་	རྨི་	NO_POS
ཁྲིད་	ཁྲིད་	VERB
འོད་གསལ་	འོད་གསལ་	NOUN
རྣམས་	རྣམས་	DET
ཀྱི་	གི་	PART
སྐབས་	སྐབས་	NOUN
།		PUNCT
རྗེས་ཤེས་	རྗེས་ཤེས་	NO_POS
གསལ་སྟོང་	གསལ་སྟོང་	NO_POS
མྱོང་	མྱོང་	VERB
ཞེན་	ཞེན་	VERB
ཅན་	ཅན་	PART
གདངས་	གདངས་	NOUN
རྩལ་	རྩལ་	NOUN
འཕྲོ་	འཕྲོ་	NOUN
འདུ་	འདུ་	VERB
མེད་པ་	མེད་པ་	VERB
ཐོམ་	ཐོམ་	NO_POS
ཡོ་	ཡོ་	OTHER
རེ་བ་	རེ་བ་	VERB
འི་	གི་	PART
སྟོང་པ་	སྟོང་པ་	VERB
།		PUNCT
གསལ་	གསལ་	VERB
སང་	སང་	ADV
ངེ་བ་	ངེ་བ་	NO_POS
ལ་	ལ་	ADP
ས་	གིས་	PART
ཉམས་སྣང་	ཉམས་སྣང་	NOUN
ངེས་པ་	ངེས་པ་	VERB
མེད་པ་	མེད་པ་	VERB
འབྱུང་བ་	འབྱུང་བ་	VERB
དང་	དང་	NO_POS
།		PUNCT
ཤེས་པ་	ཤེས་པ་	VERB
དྭངས་སྙིགས་	དྭངས་སྙིགས་	NO_POS
འབྱེད་	འབྱེད་	VERB
མི་	མི་	PART
ནུས་པ་	ནུས་པ་	VERB
སོགས་	སོགས་	DET
འབྱུང་	འབྱུང་	VERB
།		PUNCT
དེ་	སྟེ་	PART
གསུམ་	གསུམ་	NUM
གང་	གང་	NO_POS
ལ་	ལ་	PART
ཞེན་	ཞེན་	VERB
ན་	ལ་	PART
བདེ་	བདེ་	VERB
གསལ་	གསལ་	VERB
མི་	མི་	PART
རྟོག་པ་	རྟོག་པ་	VERB
འི་	གི་	PART
ཉམས་	ཉམས་	NOUN
ཤ་	ཤ་	DET
ཆེ་བ་	ཆེ་བ་	VERB
ཡིན་པ་	ཡིན་པ་	AUX
ས་	གིས་	PART
།		PUNCT
འདོད་གཟུགས་	འདོད་གཟུགས་	NOUN
ཀྱི་	གི་	PART
ལྷ་	ལྷ་	NOUN
འི་	གི་	PART
འབྲས་བུ་	འབྲས་བུ་	NOUN
ཙམ་	ཙམ་	DET
མ་གཏོགས་	མ་གཏོགས་	NO_POS
རྣམ་མཁྱེན་	རྣམ་མཁྱེན་	NOUN
རྫོགས་པ་	རྫོགས་པ་	VERB
འི་	གི་	PART
སངས་རྒྱས་	སངས་རྒྱས་	NOUN
ཀྱི་	གི་	PART
གོ་འཕང་	གོ་འཕང་	NOUN
		
༽		PUNCT
ཐོབ་པ་	ཐོབ་པ་	VERB
ལ་	ལ་	PART
ལམ་	གམ་	PART
ཅུང་ཟད་	ཅུང་ཟད་	ADV
བུལ་བ་	བུལ་བ་	VERB
ཡིན་	ཡིན་	NO_POS
ནོ་	གོ་	PART
།		PUNCT
དེ་དག་	དེ་དག་	OTHER
གི་	གི་	PART
སྐབས་	སྐབས་	NOUN
སུ་	ལ་	PART
རང་	རང་	PRON
གི་	གི་	PART
ལུས་	ལུས་	NOUN
རྡོ་རྗེ་	རྡོ་རྗེ་	NOUN
སྔོན་པོ་	སྔོན་པོ་	ADJ
རྩེ་	རྩེ་	NOUN
གསུམ་	གསུམ་	NUM
དུ་	ལ་	PART
བསྒོམ་	བསྒོམ་	VERB
ན་	ནས་	PART
དྲན་པ་	དྲན་པ་	VERB
འདུས་པ་	འདུས་པ་	VERB
འི་	གི་	PART
འཁོར་ལོ་	འཁོར་ལོ་	NOUN
ར་	ལ་	PART
ཨ་	ཨ་	X
དཀར་དམར་	དཀར་དམར་	OTHER
མཐིང་	མཐིང་	NO_POS
གསུམ་	གསུམ་	NUM
བརྩེགས་མ་	བརྩེགས་མ་	NO_POS
ར་	ལ་	PART
ཡོད་པ་	ཡོད་པ་	VERB
ལ་	ལ་	PART
སེམས་	སེམས་	NOUN
བཟུང་	བཟུང་	NO_POS
ཞིང་	ཅིང་	PART
ངག་	ངག་	NOUN
ན་	ནས་	PART
ཨ་	ཨ་	X
ཨ་	ཨ་	X
ཨ་ཞེ་	ཨ་ཞེ་	OTHER
ས་	གིས་	PART
བརྗོད་	བརྗོད་	VERB
མཐ་	མཐའ་	NOUN
ར་	ལ་	PART
མིག་	མིག་	NOUN
ནམ་མཁའ་	ནམ་མཁའ་	NOUN
ལ་	ལ་	PART
གཏད་	གཏད་	VERB
ན་	ནས་	PART
ཤེས་པ་	ཤེས་པ་	VERB
བཟོ་བཅོས་	བཟོ་བཅོས་	NO_POS
མེད་པ་	མེད་པ་	VERB
ར་	ལ་	PART
ཀ་དག་	ཀ་དག་	OTHER
ཆོས་སྐུ་	ཆོས་སྐུ་	NOUN
ཆེན་པོ་	ཆེན་པོ་	ADJ
ར་	ལ་	PART
མཉམ་པ་	མཉམ་པ་	VERB
ར་	ལ་	PART
བཞག་པ་	བཞག་པ་	VERB
ས་	གིས་	PART
མཐ་	མཐའ་	NOUN
ར་	ལ་	PART
ཆོས་ཉིད་	ཆོས་ཉིད་	NOUN
བསམ་བརྗོད་	བསམ་བརྗོད་	NO_POS
དང་	དང་	NO_POS
བྲལ་བ་	བྲལ་བ་	VERB
འི་	གི་	PART
གཤིས་	གཤིས་	OTHER
ཐོག་	ཐོག་	NOUN
དེ་	སྟེ་	PART
ཀ་		
ཕེབས་པ་	ཕེབས་པ་	VERB
ར་	ལ་	PART
འགྱུར་	འགྱུར་	VERB
རོ་	རོ་	NOUN
།		PUNCT
རྡོ་རྗེ་	རྡོ་རྗེ་	NOUN
ཡང་	ཀྱང་	PART
དངོ་	དངོ་	NOUN
མཚན་	མཚན་	NOUN
བདེན་གྲུབ་	བདེན་གྲུབ་	NO_POS
ཏུ་	ལ་	PART
མ་ཡིན་པ་	མ་ཡིན་པ་	OTHER
ར་	ལ་	PART
གཞི་	གཞི་	NOUN
ལ་	ལ་	ADP
ས་	གིས་	PART
གཞི་	གཞི་	NOUN
ར་	ལ་	PART
བཞེངས་	བཞེངས་	NO_POS
ཀྱི་	གི་	PART
ཚུལ་	ཚུལ་	NOUN
དུ་	ལ་	PART
ཤེས་པ་	ཤེས་པ་	VERB
ནི་	ནི་	NO_POS
གནད་	གནད་	NOUN
གལ་པོ་	གལ་པོ་	ADV
ཆེ་	ཆེ་	VERB
འོ་	གོ་	PART
།		PUNCT
ཡ་	ཡ་	OTHER
གྱི་	གི་	PART
རྭ་	རྭ་	NOUN
གསུམ་	གསུམ་	NUM
ངོ་བོ་	ངོ་བོ་	NOUN
རང་བཞིན་	རང་བཞིན་	NOUN
ཐུགས་རྗེ་	ཐུགས་རྗེ་	NOUN
གསུམ་	གསུམ་	NUM
།		PUNCT
མ་	མ་	NOUN
གྱི་	གི་	PART
རྭ་	རྭ་	NOUN
གསུམ་	གསུམ་	NUM
ཆོས་སྐུ་	ཆོས་སྐུ་	NOUN
ལོངས་སྐུ་	ལོངས་སྐུ་	NOUN
སྤྲུལ་སྐུ་	སྤྲུལ་སྐུ་	NOUN
གསུམ་	གསུམ་	NUM
།		PUNCT
ལྟོ་བ་	ལྟོ་བ་	NOUN
གཅིག་	གཅིག་	NUM
ཏུ་	ལ་	PART
ཟླུམ་	ཟླུམ་	NO_POS
ཞིང་	ཅིང་	PART
འཁྱིལ་བ་	འཁྱིལ་བ་	NO_POS
ནི་	ནི་	NO_POS
གཞི་	གཞི་	NOUN
ཀ་དག་	ཀ་དག་	OTHER
དང་	དང་	NO_POS
ལམ་	གམ་	PART
སྣང་	སྣང་	VERB
ལྷུན་གྲུབ་	ལྷུན་གྲུབ་	OTHER
གཉིས་	གཉིས་	NUM
ཟུང་	ཟུང་	VERB
དུ་	ལ་	PART
འཇུག་པ་	འཇུག་པ་	VERB
འི་	གི་	PART
བརྡ་	བརྡ་	NOUN
དང་	དང་	NO_POS
།		PUNCT
ཨ་	ཨ་	X
དཀ་	དཀའ་	VERB
ར་	ལ་	PART
ཨ་	ཨ་	X
དམར་	དམར་	VERB
ཨ་	ཨ་	X
མཐིང་	མཐིང་	NO_POS
གསུམ་	གསུམ་	NUM
ནི་	ནི་	NO_POS
གཞི་	གཞི་	NOUN
ལམ་	གམ་	PART
འབྲས་	འབྲས་	NOUN
གསུམ་	གསུམ་	NUM
གྱི་	གི་	PART
མཚོན་ཙམ་	མཚོན་ཙམ་	NO_POS
ཡིན་པ་	ཡིན་པ་	AUX
ས་	གིས་	PART
ཨ་	ཨ་	X
དཀར་པོ་	དཀར་པོ་	ADJ
ཁོ་ན་	ཁོ་ན་	DET
ར་	ལ་	PART
སེམས་	སེམས་	NOUN
བཟུང་	བཟུང་	NO_POS
ཡང་	ཀྱང་	PART
ཆོག་པ་	ཆོག་པ་	VERB
ར་	ལ་	PART
སྣང་	སྣང་	VERB
།		PUNCT
འབྲས་བུ་	འབྲས་བུ་	NOUN
འི་	གི་	PART
འོད་གསལ་	འོད་གསལ་	NOUN
ནི་	ནི་	NO_POS
།		PUNCT
ཇི་ལྟ་བ་	ཇི་ལྟ་བ་	ADJ
མཁྱེན་པ་	མཁྱེན་པ་	VERB
འི་	གི་	PART
ཡེ་ཤེས་	ཡེ་ཤེས་	NOUN
ཀྱིས་	གིས་	PART
གཞི་	གཞི་	NOUN
འི་	གི་	PART
བཞུགས་	བཞུགས་	VERB
ཚུལ་	ཚུལ་	NOUN
གཟིགས་པ་	གཟིགས་པ་	VERB
ས་	གིས་	PART
འཁོར་འདས་	འཁོར་འདས་	NOUN
མཉམ་ཉིད་	མཉམ་ཉིད་	NOUN
དུ་	ལ་	PART
རྟོགས་པ་	རྟོགས་པ་	VERB
འི་	གི་	PART
གདིང་	གདིང་	NO_POS
རྙེད་	རྙེད་	VERB
།		PUNCT
ཇི་	ཇི་	NO_POS
		
༽		PUNCT
སྙེད་པ་	སྙེད་པ་	DET
གཟིགས་པ་	གཟིགས་པ་	VERB
འི་	གི་	PART
ཡེ་ཤེས་	ཡེ་ཤེས་	NOUN
ཀྱིས་	གིས་	PART
སྐུ་	སྐུ་	NOUN
དང་	དང་	NO_POS
ཡེ་ཤེས་	ཡེ་ཤེས་	NOUN
ལམ་	གམ་	PART
དང་	དང་	NO_POS
འབྲས་བུ་	འབྲས་བུ་	NOUN
འི་	གི་	PART
ཆོ་	ཆོ་	NOUN
སུ་	ལ་	PART
གཏོགས་པ་	གཏོགས་པ་	VERB
ཐམས་ཅད་	ཐམས་ཅད་	DET
ཆོས་ཉིད་	ཆོས་ཉིད་	NOUN
དག་པ་	དག་པ་	VERB
འི་	གི་	PART
ཡེ་	ཡེ་	ADV
གདངས་	གདངས་	NOUN
སུ་	ལ་	PART
མངོན་དུ་	མངོན་དུ་	NO_POS
གྱུར་	གྱུར་	VERB
།		PUNCT
མཁྱེན་གཟིགས་	མཁྱེན་གཟིགས་	OTHER
གཉིས་	གཉིས་	NUM
ལྡན་	ལྡན་	VERB
གྱི་	གི་	PART
ཡེ་ཤེས་	ཡེ་ཤེས་	NOUN
ཀྱིས་	གིས་	PART
མཉམ་ཉིད་	མཉམ་ཉིད་	NOUN
ཆོས་སྐུ་	ཆོས་སྐུ་	NOUN
འི་	གི་	PART
ཡོ་	ཡོ་	OTHER
ལོང་	ལོང་	VERB
ལ་	ལ་	PART
མངའ་	མངའ་	VERB
བརྙེས་	བརྙེས་	NO_POS
ཤིང་སྐུ་	ཤིང་སྐུ་	NO_POS
གསུམ་	གསུམ་	NUM
ལྷུན་གྲུབ་	ལྷུན་གྲུབ་	OTHER
ཆེན་པོ་	ཆེན་པོ་	ADJ
འི་	གི་	PART
ས་	ས་	ADP
ལ་	ལ་	PART
སྦྱོར་	སྦྱོར་	VERB
ན་	ནས་	PART
འཁོར་བ་	འཁོར་བ་	NOUN
ཆོ་	ཆོ་	NOUN
ཀྱི་	གི་	PART
སྐུ་	སྐུ་	NOUN
རུ་	ལ་	PART
གྲོལ་བ་	གྲོལ་བ་	VERB
ར་	ལ་	PART
བྱེད་	བྱེད་	VERB
དོ་	གོ་	PART
།		PUNCT
འོད་གསལ་	འོད་གསལ་	NOUN
ཞེས་་	ཞེས་པ་	PART
འི་	གི་	PART
ངེས་ཚིག་	ངེས་ཚིག་	NOUN
ནི་	ནི་	NO_POS
།		PUNCT
འོད་	འོད་	NOUN
ནི་	ནི་	NO_POS
རྣམ་པ་	རྣམ་པ་	NOUN
དངོ་	དངོ་	NOUN
ཅན་	ཅན་	PART
དུ་མ་	དུ་མ་	ADJ
གྲུབ་པ་	གྲུབ་པ་	VERB
ར་	ལ་	PART
མི་	མི་	PART
འགྱུར་	འགྱུར་	VERB
རྡོ་རྗེ་	རྡོ་རྗེ་	NOUN
འི་	གི་	PART
ཆོ་	ཆོ་	NOUN
བདུན་	བདུན་	NUM
དང་	དང་	NO_POS
ལྡན་པ་	ལྡན་པ་	VERB
འི་	གི་	PART
གནས་ལུགས་	གནས་ལུགས་	VERB
ཆོས་སྐུ་	ཆོས་སྐུ་	NOUN
སྤྲོས་པ་	སྤྲོས་པ་	VERB
དང་	དང་	NO_POS
བྲལ་བ་	བྲལ་བ་	VERB
དང་	དང་	NO_POS
།		PUNCT
གསལ་	གསལ་	VERB
ནི་	ནི་	NO_POS
མཐའ་	མཐའ་	NOUN
གཉིས་	གཉིས་	NUM
ཀྱི་	གི་	PART
དྲི་མ་	དྲི་མ་	NOUN
དང་	དང་	NO_POS
བྲལ་	བྲལ་	VERB
ཞིང་	ཅིང་	PART
སྣ་ཚོགས་	སྣ་ཚོགས་	DET
ཆོས་ཁམས་	ཆོས་ཁམས་	NO_POS
རྒྱ་མཚོ་	རྒྱ་མཚོ་	NOUN
འི་	གི་	PART
ཆོ་འཕྲུལ་	ཆོ་འཕྲུལ་	NOUN
ཐམས་ཅད་	ཐམས་ཅད་	DET
རང་བྱུང་	རང་བྱུང་	NOUN
ལྷུན་གྲུབ་	ལྷུན་གྲུབ་	OTHER
ཆེན་པོ་	ཆེན་པོ་	ADJ
ར་	ལ་	PART
འགགས་པ་	འགགས་པ་	VERB
མེད་པ་	མེད་པ་	VERB
ར་	ལ་	PART
ཡེ་ཤེས་	ཡེ་ཤེས་	NOUN
སུ་	ལ་	PART
འུབ་	འུབ་	NO_POS
ཆུབ་པ་	ཆུབ་པ་	VERB
ལ་	ལ་	PART
བརྗོད་པ་	བརྗོད་པ་	VERB
ཡིན་	ཡིན་	NO_POS
ནོ་	གོ་	PART
།		PUNCT
དེ་ལྟ་	དེ་ལྟ་	NO_POS
ཆོ་	ཆོ་	NOUN
མིན་	མིན་	AUX
ཆོ་	ཆོ་	NOUN
ཀྱི་	གི་	PART
མན་ངག་	མན་ངག་	NOUN
འདི་	འདི་	DET
། །		PUNCT
ཇོ་	ཇོ་	NO_POS
མིན་	མིན་	AUX
ནག་	ནག་	VERB
མིན་	མིན་	AUX
འཁྲུལ་	འཁྲུལ་	NO_POS
ཞིག་	ཅིག་	PART
སྙོམས་	སྙོམས་	VERB
ལས་པ་	ལས་པ་	VERB
ས་	གིས་	PART
། །		PUNCT
འཁོར་	འཁོར་	NOUN
མིན་	མིན་	AUX
གནས་མིན་	གནས་མིན་	NO_POS
སེ་	སེ་	NO_POS
ར་	ལ་	PART
དགོན་	དགོན་	OTHER
དབེན་	དབེན་	VERB
ཁྲོད་	ཁྲོད་	NOUN
ན་	ནས་	PART
།		PUNCT
ཡིག་	ཡིག་	NOUN
མིན་	མིན་	AUX
རི་	རི་	NOUN
མིན་	མིན་	AUX
འབུ་	འབུ་	NOUN
ནག་	ནག་	VERB
ནུར་	ནུར་	NO_POS
འགྲོ་	འགྲོ་	VERB
བྲིས་	བྲིས་	VERB
། །		PUNCT
བུ་	བུ་	NOUN
མིན་	མིན་	AUX
བུ་	བུ་	NOUN
འདྲ་	འདྲ་	VERB
འི་	གི་	PART
ཐུགས་	ཐུགས་	NOUN
ཀྱི་	གི་	PART
སྲས་པོ་	སྲས་པོ་	NOUN
ལ་	ལ་	PART
།		PUNCT
ཉམས་ལེན་	ཉམས་ལེན་	NOUN
གེགས་	གེགས་	NOUN
སེལ་	སེལ་	VERB
གསལ་	གསལ་	VERB
འདེབས་	འདེབས་	VERB
ཚུལ་	ཚུལ་	NOUN
དུ་	ལ་	PART
ཕུལ་	ཕུལ་	VERB
། །		PUNCT
ཡིག་	ཡིག་	NOUN
མིན་	མིན་	AUX
ཡིག་རིས་	ཡིག་རིས་	OTHER
བྱེད་	བྱེད་	VERB
མཁན་	མཁན་	PROPN
སྙིང་	སྙིང་	NOUN
གི་	གི་	PART
བུ་	བུ་	NOUN
། །		PUNCT
ཚུལ་	ཚུལ་	NOUN
		
༽		PUNCT
ཁྲིམས་	ཁྲིམས་	NOUN
རྡོ་རྗེ་	རྡོ་རྗེ་	NOUN
ས་	གིས་	PART
དག་ཐེར་	དག་ཐེར་	OTHER
ལེགས་	ལེགས་	VERB
མཛད་	མཛད་	VERB
ན་	ནས་	PART
། །		PUNCT
འབུ་	འབུ་	NOUN
མིན་	མིན་	AUX
འབུ་	འབུ་	NOUN
རྒན་	རྒན་	NOUN
ནག་	ནག་	VERB
ར་	ར་	ADP
འི་	གི་	PART
ལྟོ་བ་	ལྟོ་བ་	NOUN
བཞིན་	བཞིན་	NOUN
། །		PUNCT
ཤོག་	ཤོག་	VERB
དཀ་	དཀའ་	VERB
ར་	ལ་	PART
ངོ་	ངོ་	NOUN
ལ་	ལ་	PART
དམར་ནག་	དམར་ནག་	NO_POS
ཕྱག་བྲིས་	ཕྱག་བྲིས་	OTHER
མཛོད་	མཛོད་	NOUN
།		PUNCT
ཨ་ལ་	ཨ་ལ་	ADV
ཀུ་རེ་	ཀུ་རེ་	NOUN
ཡིན་	ཡིན་	NO_POS
ནོ་	གོ་	PART
རིགས་ལྡན་	རིགས་ལྡན་	PROPN
གཉིས་	གཉིས་	NUM
། །		PUNCT
ཨ་	ཨ་	X
མཚའ་	མཚའ་	VERB
ཡིག་རིས་	ཡིག་རིས་	OTHER
བཀོད་	བཀོད་	VERB
མཁན་	མཁན་	PROPN
མདོ་	མདོ་	NOUN
ཤོ་	ཤོ་	NOUN
ར་	ལ་	PART
མ་	མ་	PART
། །		PUNCT
ཨ་དོན་	ཨ་དོན་	NO_POS
མན་ངག་	མན་ངག་	NOUN
ཟབ་མོ་	ཟབ་མོ་	ADJ
མི་	མི་	PART
སྲིད་	སྲིད་	NOUN
ཀྱང་	ཀྱང་	PART
། །		PUNCT
ཨ་	ཨ་	X
ལི་	ལི་	OTHER
ཀ་ལི་	ཀ་ལི་	NO_POS
འི་	གི་	PART
སྒྱུ་འཕྲུལ་	སྒྱུ་འཕྲུལ་	PROPN
དྲྭ་བ་	དྲྭ་བ་	NON_WORD
ལ་	ལ་	ADP
ས་	གིས་	PART
། །		PUNCT
ཨ་བྲ་	ཨ་བྲ་	NO_POS
འི་	གི་	PART
དུང་	དུང་	NOUN
སོ་	གོ་	PART
ལྟ་བུ་	ལྟ་བུ་	NOUN
འི་	གི་	PART
དཀོན་པ་	དཀོན་པ་	NO_POS
འི་	གི་	PART
ཆོ་	ཆོ་	NOUN
། །		PUNCT
ཨཱརྻའི་		NON_WORD
སྒྱུ་འཕྲུལ་	སྒྱུ་འཕྲུལ་	PROPN
བདེ་བ་	བདེ་བ་	VERB
འི་	གི་	PART
རྡོ་རྗེ་	རྡོ་རྗེ་	NOUN
ས་	གིས་	PART
བཀོད་	བཀོད་	VERB
།།		PUNCT
དགེ་	དགེ་	NOUN
འོ་	གོ་	PART
།།		PUNCT
བཅོམ་ལྡན་	བཅོམ་ལྡན་	NOUN
རྡོ་རྗེ་	རྡོ་རྗེ་	NOUN
ཕག་མོ་	ཕག་མོ་	PROPN
དབྱིངས་	དབྱིངས་	NOUN
ཀྱི་	གི་	PART
ཡུམ་	ཡུམ་	NOUN
། །		PUNCT
ལྷན་སྐྱེས་	ལྷན་སྐྱེས་	ADJ
རིག་པ་	རིག་པ་	VERB
བདེ་ཆེན་	བདེ་ཆེན་	NOUN
ག་	ག་	NOUN
གྱི་	གི་	PART
དབང་	དབང་	NOUN
། །		PUNCT
དབྱེ་	དབྱེ་	VERB
ར་	ལ་	PART
མེད་	མེད་	VERB
རིག་	རིག་	VERB
སྐུ་	སྐུ་	NOUN
མངོན་གྱུར་	མངོན་གྱུར་	ADJ
ཧེ་རུ་ཀ་	ཧེ་རུ་ཀ་	NOUN
།		PUNCT
པདྨ་	པདྨ་	NOUN
ལས་འབྲེལ་	ལས་འབྲེལ་	NOUN
བདེ་ཆེན་	བདེ་ཆེན་	NOUN
འཁོར་ལོ་	འཁོར་ལོ་	NOUN
ར་	ལ་	PART
རོལ་	རོལ་	VERB
། །		PUNCT
མྱུར་ལམ་	མྱུར་ལམ་	OTHER
གསང་	གསང་	VERB
ཆེན་	ཆེན་	NO_POS
ཨ་ནུ་	ཨ་ནུ་	NOUN
ཡོ་ག་	ཡོ་ག་	NOUN
ཡི་	གི་	PART
། །		PUNCT
ལམ་	གམ་	PART
གྱི་	གི་	PART
ཡོན་ཏན་	ཡོན་ཏན་	NOUN
ཟུར་ཙམ་	ཟུར་ཙམ་	NO_POS
བྲི་བ་	བྲི་བ་	VERB
ར་	ལ་	PART
བརྩོན་	བརྩོན་	VERB
། །		PUNCT
དེ་	སྟེ་	PART
ལ་	ལ་	PART
འདི་	འདི་	DET
ར་	ལ་	PART
མྱུར་ལམ་	མྱུར་ལམ་	OTHER
འོག་སྒོ་	འོག་སྒོ་	NO_POS
ཁམས་	ཁམས་	NOUN
གསུམ་	གསུམ་	NUM
རོལ་པ་	རོལ་པ་	VERB
འི་	གི་	PART
ལམ་	གམ་	PART
གྱི་	གི་	PART
ཡོན་ཏན་	ཡོན་ཏན་	NOUN
ཅུང་ཟད་	ཅུང་ཟད་	ADV
བརྗོད་	བརྗོད་	VERB
ན་	ལ་	PART
།		PUNCT
རང་	རང་	PRON
ལུས་	ལུས་	NOUN
ནུས་ལྡན་	ནུས་ལྡན་	ADJ
དུ་	ལ་	PART
བྱ་	བྱ་	VERB
ན་	ནས་	PART
རླུང་	རླུང་	NOUN
བཅུ་	བཅུ་	NUM
ལ་	ལ་	ADP
ས་	གིས་	PART
སུ་	ལ་	PART
རུང་བ་	རུང་བ་	VERB
འི་	གི་	PART
རྣལ་འབྱོར་པ་	རྣལ་འབྱོར་པ་	NOUN
ས་	གིས་	PART
གཞན་	གཞན་	DET
ལུས་	ལུས་	NOUN
ཕྱག་རྒྱ་	ཕྱག་རྒྱ་	NOUN
འི་	གི་	PART
གྲོལ་	གྲོལ་	VERB
ལམ་	གམ་	PART
ལ་	ལ་	PART
བརྟེན་	བརྟེན་	VERB
ན་	ནས་	PART
ས་ལམ་	ས་ལམ་	OTHER
གྱི་	གི་	PART
རིམ་པ་	རིམ་པ་	NOUN
ལ་	ལ་	PART
མི་	མི་	PART
ལྟོས་པ་	ལྟོས་པ་	VERB
ར་	ལ་	PART
གཅིག་	གཅིག་	NUM
ཅ་	ཅ་	OTHER
ར་	ལ་	PART
དུ་	ལ་	PART
རྫོགས་	རྫོགས་	VERB
ཚུལ་	ཚུལ་	NOUN
ནི་	ནི་	NO_POS
།		PUNCT
ཡབ་ཡུམ་	ཡབ་ཡུམ་	NOUN
ལྷ་	ལྷ་	NOUN
ར་	ལ་	PART
གསལ་བ་	གསལ་བ་	VERB
འི་	གི་	PART
སྦྱོར་	སྦྱོར་	VERB
མཚམས་	མཚམས་	NOUN
ན་	ནས་	PART
ཡེ་ཤེས་	ཡེ་ཤེས་	NOUN
ཀྱི་	གི་	PART
རླུང་	རླུང་	NOUN
		
༽		PUNCT
དལ་བུ་	དལ་བུ་	NOUN
འི་	གི་	PART
དྲངས་	དྲངས་	NO_POS
ན་	ནས་	PART
ལྟེ་བ་	ལྟེ་བ་	NOUN
འི་	གི་	PART
ཨ་ཤད་	ཨ་ཤད་	NO_POS
ལ་	ལ་	PART
ཕོག་པ་	ཕོག་པ་	VERB
ས་	གིས་	PART
མེ་	མེ་	NOUN
ཆེ་	ཆེ་	VERB
ར་	ལ་	PART
མཆེད་	མཆེད་	NOUN
ན་	ནས་	PART
དབུ་མ་	དབུ་མ་	PROPN
འི་	གི་	PART
ལམ་	གམ་	PART
བརྒྱུད་	བརྒྱུད་	NO_POS
དེ་	སྟེ་	PART
སྤྱི་བོ་	སྤྱི་བོ་	NOUN
འི་	གི་	PART
ཧཾ་		NON_WORD
ལ་	ལ་	PART
ཕོག་	ཕོག་	VERB
འོད་ཟེར་	འོད་ཟེར་	NOUN
ཕྱོགས་	ཕྱོགས་	NOUN
བཅུ་		
འཕྲོས་པ་	འཕྲོས་པ་	VERB
ས་	གིས་	PART
རྒྱལ་བ་	རྒྱལ་བ་	NOUN
རྣམས་	རྣམས་	DET
ཀྱི་	གི་	PART
སྐུ་གསུང་ཐུགས་	སྐུ་གསུང་ཐུགས་	NOUN
ལ་	ལ་	PART
མཉེས་པ་	མཉེས་པ་	VERB
འི་	གི་	PART
མཆོད་པ་	མཆོད་པ་	VERB
ཕུལ་	ཕུལ་	VERB
།		PUNCT
ཐུགས་	ཐུགས་	NOUN
ཀྱི་	གི་	PART
དགྱེས་པ་	དགྱེས་པ་	VERB
བསྐང་	བསྐང་	NO_POS
།		PUNCT
ཐུགས་རྗེ་	ཐུགས་རྗེ་	NOUN
བྱིན་རླབས་	བྱིན་རླབས་	NOUN
ཡེ་ཤེས་	ཡེ་ཤེས་	NOUN
ཡོན་ཏན་	ཡོན་ཏན་	NOUN
དབང་	དབང་	NOUN
དང་	དང་	NO_POS
དངོས་གྲུབ་	དངོས་གྲུབ་	NOUN
ཐམས་ཅད་	ཐམས་ཅད་	DET
འོད་ཟེར་	འོད་ཟེར་	NOUN
དཀར་པོ་	དཀར་པོ་	ADJ
འི་	གི་	PART
རྣམ་པ་	རྣམ་པ་	NOUN
ར་	ལ་	PART
ཚུ་		
བསྡུ་	བསྡུ་	VERB
ན་	ནས་	PART
སྤྱི་བོ་	སྤྱི་བོ་	NOUN
འི་	གི་	PART
ཧཾ་		NON_WORD
ལ་	ལ་	PART
ཐིམ་པ་	ཐིམ་པ་	VERB
ར་	ལ་	PART
བསམ་	བསམ་	NOUN
།		PUNCT
ཡུམ་	ཡུམ་	NOUN
གྱི་	གི་	PART
གྷནྡྷེའི་		NON_WORD
རླབས་ཤུགས་	རླབས་ཤུགས་	NO_POS
ཀྱིས་	གིས་	PART
ཡབ་	ཡབ་	NOUN
ཀྱི་	གི་	PART
བདེ་བ་	བདེ་བ་	VERB
བསྐུལ་	བསྐུལ་	VERB
ན་	ནས་	PART
ཧཾ་		NON_WORD
ཡིག་	ཡིག་	NOUN
ལ་	ལ་	PART
བདུད་རྩི་	བདུད་རྩི་	NOUN
འི་	གི་	PART
རྒྱུན་	རྒྱུན་	NOUN
བབ་	བབ་	VERB
ཏེ་	སྟེ་	PART
སྤྱི་བོ་	སྤྱི་བོ་	NOUN
འི་	གི་	PART
རྩ་འཁོར་	རྩ་འཁོར་	NO_POS
ཐམས་ཅད་	ཐམས་ཅད་	DET
ཁྱབ་པ་	ཁྱབ་པ་	VERB
ས་	གིས་	PART
།		PUNCT
རྡོ་རྗེ་	རྡོ་རྗེ་	NOUN
རིགས་	རིགས་	NOUN
ཀྱི་	གི་	PART
ཧེ་རུ་ཀ་	ཧེ་རུ་ཀ་	NOUN
རྣམས་	རྣམས་	DET
ཀྱི་	གི་	PART
ཐུགས་	ཐུགས་	NOUN
བདེ་སྟོང་	བདེ་སྟོང་	NOUN
གི་	གི་	PART
རོ་	རོ་	NOUN
ས་	གིས་	PART
ཚིམ་པ་	ཚིམ་པ་	VERB
ར་	ལ་	PART
དམིགས་པ་	དམིགས་པ་	VERB
ས་	གིས་	PART
རང་གཞན་	རང་གཞན་	NOUN
སེམས་ཅན་	སེམས་ཅན་	NOUN
ཐམས་ཅད་	ཐམས་ཅད་	DET
ཀྱི་	གི་	PART
ཚོགས་	ཚོགས་	NOUN
རྫོགས་	རྫོགས་	VERB
སྒྲིབ་པ་	སྒྲིབ་པ་	VERB
དག་	དག་	DET
དགའ་བ་	དགའ་བ་	VERB
འི་	གི་	PART
ཡེ་ཤེས་	ཡེ་ཤེས་	NOUN
མངོན་དུ་	མངོན་དུ་	NO_POS
གྱུར་	གྱུར་	VERB
ན་	ནས་	PART
སྣང་སྟོང་	སྣང་སྟོང་	NO_POS
གཉིས་	གཉིས་	NUM
སུ་	ལ་	PART
མེད་པ་	མེད་པ་	VERB
འི་	གི་	PART
ཡེ་ཤེས་	ཡེ་ཤེས་	NOUN
ཆེན་པོ་	ཆེན་པོ་	ADJ
མངོན་དུ་	མངོན་དུ་	NO_POS
གྱུར་	གྱུར་	VERB
ཅིང་	ཅིང་	PART
བུམ་	བུམ་	NOUN
དབང་	དབང་	NOUN
གི་	གི་	PART
ངོ་བོ་	ངོ་བོ་	NOUN
རྫོགས་	རྫོགས་	VERB
།		PUNCT
མགྲིན་པ་	མགྲིན་པ་	NOUN
ར་	ལ་	PART
ཁྱབ་པ་	ཁྱབ་པ་	VERB
ས་	གིས་	PART
པདྨ་	པདྨ་	NOUN
རིགས་	རིགས་	NOUN
ཀྱི་	གི་	PART
ཧེ་རུ་ཀ་	ཧེ་རུ་ཀ་	NOUN
རྣམས་	རྣམས་	DET
ཀྱི་	གི་	PART
ཐུགས་	ཐུགས་	NOUN
བདེ་སྟོང་	བདེ་སྟོང་	NOUN
གི་	གི་	PART
རོ་	རོ་	NOUN
ས་	གིས་	PART
ཚིམ་	ཚིམ་	VERB
ན་	ནས་	PART
རང་གཞན་	རང་གཞན་	NOUN
རྣམས་	རྣམས་	DET
ཀྱི་	གི་	PART
ཚོགས་	ཚོགས་	NOUN
རྫོགས་	རྫོགས་	VERB
སྒྲིབ་པ་	སྒྲིབ་པ་	VERB
དག་	དག་	DET
མཆོག་དག་	མཆོག་དགའ་	NO_POS
འི་	གི་	PART
ཡེ་ཤེས་	ཡེ་ཤེས་	NOUN
གོང་འཕེལ་	གོང་འཕེལ་	OTHER
དུ་	ལ་	PART
གྱུར་	གྱུར་	VERB
ན་	ནས་	PART
གསལ་སྟོང་	གསལ་སྟོང་	NO_POS
བདེ་བ་	བདེ་བ་	VERB
ཆེན་པོ་	ཆེན་པོ་	ADJ
འི་	གི་	PART
ཡེ་ཤེས་	ཡེ་ཤེས་	NOUN
མངོན་དུ་	མངོན་དུ་	NO_POS
གྱུར་	གྱུར་	VERB
ཅིང་	ཅིང་	PART
གསང་དབང་	གསང་དབང་	NO_POS
གི་	གི་	PART
ངོ་བོ་	ངོ་བོ་	NOUN
རྫོགས་	རྫོགས་	VERB
།		PUNCT
		
༽		PUNCT
ཐིག་ལེ་	ཐིག་ལེ་	NOUN
སྙིང་ག་	སྙིང་ག་	NOUN
ར་	ལ་	PART
བབས་པ་	བབས་པ་	VERB
ས་	གིས་	PART
བུདྡྷ་		NON_WORD
རིགས་	རིགས་	NOUN
ཀྱི་	གི་	PART
ཧེ་རུ་ཀ་	ཧེ་རུ་ཀ་	NOUN
རྣམས་	རྣམས་	DET
ཀྱི་	གི་	PART
ཐུགས་མཉེས་པ་	ཐུགས་མཉེས་པ་	NO_POS
ས་	གིས་	PART
ཚོགས་	ཚོགས་	NOUN
རྫོགས་	རྫོགས་	VERB
སྒྲིབ་པ་	སྒྲིབ་པ་	VERB
དག་	དག་	DET
ཁྱད་པར་	ཁྱད་པར་	NOUN
གྱི་	གི་	PART
དགའ་བ་	དགའ་བ་	VERB
གོང་འཕེལ་	གོང་འཕེལ་	OTHER
དུ་	ལ་	PART
གྱུར་	གྱུར་	VERB
ན་	ནས་	PART
བདེ་སྟོང་	བདེ་སྟོང་	NOUN
གི་	གི་	PART
ཡེ་ཤེས་	ཡེ་ཤེས་	NOUN
མངོན་དུ་	མངོན་དུ་	NO_POS
གྱུར་	གྱུར་	VERB
ཅིང་	ཅིང་	PART
ཤེར་དབང་	ཤེར་དབང་	NO_POS
གི་	གི་	PART
ངོ་བོ་	ངོ་བོ་	NOUN
རྫོགས་	རྫོགས་	VERB
།		PUNCT
ཐིག་ལེ་	ཐིག་ལེ་	NOUN
ལྟེ་བ་	ལྟེ་བ་	NOUN
ར་	ལ་	PART
བབས་པ་	བབས་པ་	VERB
ས་	གིས་	PART
རཏྣ་		NON_WORD
རིགས་	རིགས་	NOUN
ཀྱི་	གི་	PART
ཧེ་རུ་ཀ་	ཧེ་རུ་ཀ་	NOUN
རྣམས་	རྣམས་	DET
ཀྱི་	གི་	PART
ཐུགས་	ཐུགས་	NOUN
བདེ་སྟོང་	བདེ་སྟོང་	NOUN
གི་	གི་	PART
རོ་	རོ་	NOUN
ས་	གིས་	PART
ཚིམས་པ་	ཚིམས་པ་	NO_POS
ར་	ལ་	PART
བསམ་པ་	བསམ་པ་	VERB
ས་	གིས་	PART
རང་གཞན་	རང་གཞན་	NOUN
གྱི་	གི་	PART
ཚོགས་	ཚོགས་	NOUN
རྫོགས་	རྫོགས་	VERB
སྒྲིབ་པ་	སྒྲིབ་པ་	VERB
དག་	དག་	DET
ལྷན་སྐྱེས་	ལྷན་སྐྱེས་	ADJ
ཀྱི་	གི་	PART
དགའ་བ་	དགའ་བ་	VERB
གོང་འཕེལ་	གོང་འཕེལ་	OTHER
དུ་	ལ་	PART
གྱུར་	གྱུར་	VERB
ཅིང་	ཅིང་	PART
རིག་	རིག་	VERB
སྟོང་	སྟོང་	NUM
དབྱེ་	དབྱེ་	VERB
ར་	ལ་	PART
མེད་	མེད་	VERB
ཀྱི་	གི་	PART
ཡེ་ཤེས་	ཡེ་ཤེས་	NOUN
མངོན་དུ་	མངོན་དུ་	NO_POS
གྱུར་	གྱུར་	VERB
ན་	ནས་	PART
ཚིག་དབང་	ཚིག་དབང་	NO_POS
གི་	གི་	PART
ངོ་བོ་	ངོ་བོ་	NOUN
རྫོགས་	རྫོགས་	VERB
།		PUNCT
ཐིག་ལེ་	ཐིག་ལེ་	NOUN
གསང་གནས་	གསང་གནས་	NO_POS
སུ་	ལ་	PART
བབས་པ་	བབས་པ་	VERB
ས་	གིས་	PART
ཀརྨ་	ཀརྨ་	NO_POS
རིགས་	རིགས་	NOUN
ཀྱི་	གི་	PART
ཧེ་རུ་ཀ་	ཧེ་རུ་ཀ་	NOUN
ཐམས་ཅད་	ཐམས་ཅད་	DET
ཀྱི་	གི་	PART
ཐུགས་	ཐུགས་	NOUN
བདེ་སྟོང་	བདེ་སྟོང་	NOUN
གི་	གི་	PART
བདུད་རྩི་	བདུད་རྩི་	NOUN
ས་	གིས་	PART
མཉེས་	མཉེས་	VERB
ཤིང་	ཅིང་	PART
རང་གཞན་	རང་གཞན་	NOUN
སེམས་ཅན་	སེམས་ཅན་	NOUN
ཐམས་ཅད་	ཐམས་ཅད་	DET
ཀྱི་	གི་	PART
ཚོགས་	ཚོགས་	NOUN
རྫོགས་	རྫོགས་	VERB
སྒྲིབ་པ་	སྒྲིབ་པ་	VERB
དག་	དག་	DET
དགའ་	དགའ་	VERB
བྲལ་	བྲལ་	VERB
གྱི་	གི་	PART
ཡེ་ཤེས་	ཡེ་ཤེས་	NOUN
མངོན་དུ་	མངོན་དུ་	NO_POS
གྱུར་	གྱུར་	VERB
།		PUNCT
ཡུམ་	ཡུམ་	NOUN
གྱི་	གི་	PART
པདྨོར་		NON_WORD
སིམ་	སིམ་	NO_POS
ཚེ་	ཚེ་	NOUN
དཀར་དམར་	དཀར་དམར་	OTHER
ཞལ་མཇལ་	ཞལ་མཇལ་	NO_POS
བ་	བ་	ADP
བསམ་	བསམ་	NOUN
གྱིས་	གིས་	PART
མི་	མི་	PART
ཁྱབ་པ་	ཁྱབ་པ་	VERB
ཡེ་སྟོང་	ཡེ་སྟོང་	NO_POS
བདེ་བ་	བདེ་བ་	VERB
ཆེན་པོ་	ཆེན་པོ་	ADJ
འི་	གི་	PART
ཡེ་ཤེས་	ཡེ་ཤེས་	NOUN
ཀྱི་	གི་	PART
ཀུན་རྟོག་	ཀུན་རྟོག་	NOUN
བརྒྱད་ཅུ་	བརྒྱད་ཅུ་	NO_POS
འི་	གི་	PART
རྟོག་པ་	རྟོག་པ་	VERB
བཅོམ་	བཅོམ་	VERB
ན་	ནས་	PART
སྐུ་གསུམ་	སྐུ་གསུམ་	OTHER
མཉམ་	མཉམ་	VERB
རྫོགས་	རྫོགས་	VERB
ཀྱི་	གི་	PART
དགོངས་པ་	དགོངས་པ་	VERB
སྨྲ་	སྨྲ་	VERB
བསམ་བརྗོད་པ་	བསམ་བརྗོད་པ་	NO_POS
དང་	དང་	NO_POS
བྲལ་བ་	བྲལ་བ་	VERB
འི་	གི་	PART
ཆོ་	ཆོ་	NOUN
ཀྱི་	གི་	PART
སྐུ་	སྐུ་	NOUN
མངོན་དུ་	མངོན་དུ་	NO_POS
གྱུར་	གྱུར་	VERB
ན་	ནས་	PART
མི་སློབ་པ་	མི་སློབ་པ་	NO_POS
ཟུང་འཇུག་	ཟུང་འཇུག་	NOUN
གི་	གི་	PART
སྐུ་	སྐུ་	NOUN
ཐོབ་པ་	ཐོབ་པ་	VERB
འོ་	གོ་	PART
།		PUNCT
ཡང་	ཀྱང་	PART
ས་ལམ་	ས་ལམ་	OTHER
དང་	དང་	NO_POS
སྦྱར་	སྦྱར་	VERB
ན་	ལ་	PART
ཡུམ་	ཡུམ་	NOUN
གྱི་	གི་	PART
པདྨ་	པདྨ་	NOUN
ན་	ནས་	PART
ཐིག་ལེ་	ཐིག་ལེ་	NOUN
ནོར་བུ་	ནོར་བུ་	NOUN
འི་	གི་	PART
རྩེ་		
དྲངས་པ་	དྲངས་པ་	VERB
ས་	གིས་	PART
དུས་སྦྱོར་	དུས་སྦྱོར་	NOUN
དང་པོ་	དང་པོ་	ADJ
འི་	གི་	PART
རླུང་	རླུང་	NOUN
འགགས་པ་	འགགས་པ་	VERB
ས་	གིས་	PART
		
༽		PUNCT
ས་	ས་	ADP
དང་པོ་	དང་པོ་	ADJ
འི་	གི་	PART
ཡོན་ཏན་	ཡོན་ཏན་	NOUN
ཐོབ་	ཐོབ་	VERB
།		PUNCT
གསང་གནས་	གསང་གནས་	NO_POS
སུ་	ལ་	PART
ཐོན་པ་	ཐོན་པ་	VERB
ས་	གིས་	PART
དུས་སྦྱོར་	དུས་སྦྱོར་	NOUN
གཉིས་པ་	གཉིས་པ་	NUM
འི་	གི་	PART
རླུང་	རླུང་	NOUN
འགགས་པ་	འགགས་པ་	VERB
ས་	གིས་	PART
ས་	ས་	ADP
གཉིས་པ་	གཉིས་པ་	NUM
འི་	གི་	PART
ཡོན་ཏན་	ཡོན་ཏན་	NOUN
ཐོབ་	ཐོབ་	VERB
།		PUNCT
ལྟེ་	ལྟེ་	NO_POS
གསང་	གསང་	VERB
གི་	གི་	PART
བ་	བ་	NOUN
ལ་	ལ་	PART
ཐོན་པ་	ཐོན་པ་	VERB
ས་	གིས་	PART
དུས་སྦྱོར་	དུས་སྦྱོར་	NOUN
གསུམ་པ་	གསུམ་པ་	NUM
འི་	གི་	PART
རླུང་	རླུང་	NOUN
འགགས་པ་	འགགས་པ་	VERB
ས་	གིས་	PART
ས་	ས་	ADP
གསུམ་པ་	གསུམ་པ་	NUM
འི་	གི་	PART
ཡོན་ཏན་	ཡོན་ཏན་	NOUN
ཐོབ་	ཐོབ་	VERB
།		PUNCT
ལྟེ་བ་	ལྟེ་བ་	NOUN
ར་	ལ་	PART
ཐོན་པ་	ཐོན་པ་	VERB
ས་	གིས་	PART
དུས་སྦྱོར་	དུས་སྦྱོར་	NOUN
བཞི་པ་	བཞི་པ་	ADJ
འི་	གི་	PART
རླུང་	རླུང་	NOUN
འགགས་པ་	འགགས་པ་	VERB
ས་	གིས་	PART
ས་	ས་	ADP
བཞི་པ་	བཞི་པ་	ADJ
འི་	གི་	PART
ཡོན་ཏན་	ཡོན་ཏན་	NOUN
ཐོབ་	ཐོབ་	VERB
།		PUNCT
སྙིང་ག་	སྙིང་ག་	NOUN
དང་	དང་	NO_POS
ལྟེ་བ་	ལྟེ་བ་	NOUN
འི་	གི་	PART
བ་	བ་	NOUN
ལ་	ལ་	PART
ཐོན་པ་	ཐོན་པ་	VERB
ས་	གིས་	PART
དུས་སྦྱོར་	དུས་སྦྱོར་	NOUN
ལྔ་པ་	ལྔ་པ་	NUM
འི་	གི་	PART
རླུང་	རླུང་	NOUN
འགགས་པ་	འགགས་པ་	VERB
ས་	གིས་	PART
ས་	ས་	ADP
ལྔ་པ་	ལྔ་པ་	NUM
འི་	གི་	PART
ཡོན་ཏན་	ཡོན་ཏན་	NOUN
ཐོབ་	ཐོབ་	VERB
།		PUNCT
སྙིང་ག་	སྙིང་ག་	NOUN
ར་	ལ་	PART
ཐོན་པ་	ཐོན་པ་	VERB
ས་	གིས་	PART
དུས་སྦྱོར་	དུས་སྦྱོར་	NOUN
དྲུག་པ་	དྲུག་པ་	NUM
འི་	གི་	PART
རླུང་	རླུང་	NOUN
འགགས་པ་	འགགས་པ་	VERB
ས་	གིས་	PART
དྲུག་པ་	དྲུག་པ་	NUM
འི་	གི་	PART
ཡོན་ཏན་	ཡོན་ཏན་	NOUN
ཐོབ་	ཐོབ་	VERB
།		PUNCT
མགྲིན་པ་	མགྲིན་པ་	NOUN
དང་	དང་	NO_POS
སྙིང་ག་	སྙིང་ག་	NOUN
འི་	གི་	PART
བ་	བ་	NOUN
དུ་	ལ་	PART
ཐོན་པ་	ཐོན་པ་	VERB
ས་	གིས་	PART
དུས་སྦྱོར་	དུས་སྦྱོར་	NOUN
བདུན་པ་	བདུན་པ་	NUM
འི་	གི་	PART
རླུང་	རླུང་	NOUN
འགགས་པ་	འགགས་པ་	VERB
ས་	གིས་	PART
ས་	ས་	ADP
བདུན་པ་	བདུན་པ་	NUM
འི་	གི་	PART
ཡོན་ཏན་	ཡོན་ཏན་	NOUN
ཐོབ་	ཐོབ་	VERB
།		PUNCT
མགྲིན་པ་	མགྲིན་པ་	NOUN
ར་	ལ་	PART
ཐོན་པ་	ཐོན་པ་	VERB
ས་	གིས་	PART
དུས་སྦྱོར་	དུས་སྦྱོར་	NOUN
བརྒྱད་པ་	བརྒྱད་པ་	NUM
འི་	གི་	PART
རླུང་	རླུང་	NOUN
འགགས་པ་	འགགས་པ་	VERB
ས་	གིས་	PART
ས་	ས་	ADP
བརྒྱད་པ་	བརྒྱད་པ་	NUM
འི་	གི་	PART
ཡོན་ཏན་	ཡོན་ཏན་	NOUN
ཐོབ་	ཐོབ་	VERB
།		PUNCT
མགྲིན་པ་	མགྲིན་པ་	NOUN
དང་	དང་	NO_POS
སྨིན་མཚམས་	སྨིན་མཚམས་	NOUN
བ་	བ་	NOUN
དུ་	ལ་	PART
ཐོན་པ་	ཐོན་པ་	VERB
ས་	གིས་	PART
དུས་སྦྱོར་	དུས་སྦྱོར་	NOUN
དགུ་པ་	དགུ་པ་	ADJ
འི་	གི་	PART
རླུང་	རླུང་	NOUN
འགགས་པ་	འགགས་པ་	VERB
ས་	གིས་	PART
ས་	ས་	ADP
དགུ་པ་	དགུ་པ་	ADJ
འི་	གི་	PART
ཡོན་ཏན་	ཡོན་ཏན་	NOUN
ཐོབ་	ཐོབ་	VERB
།		PUNCT
སྨིན་མཚམས་	སྨིན་མཚམས་	NOUN
ལ་	ལ་	PART
ཐོན་པ་	ཐོན་པ་	VERB
ས་	གིས་	PART
དུས་སྦྱོར་	དུས་སྦྱོར་	NOUN
བཅུ་པ་	བཅུ་པ་	NUM
འི་	གི་	PART
རླུང་	རླུང་	NOUN
འགགས་པ་	འགགས་པ་	VERB
ས་	གིས་	PART
ས་བཅུ་པ་	ས་བཅུ་པ་	NO_POS
འི་	གི་	PART
ཡོན་ཏན་	ཡོན་ཏན་	NOUN
ཐོབ་	ཐོབ་	VERB
།		PUNCT
སྨིན་མཚམས་	སྨིན་མཚམས་	NOUN
དང་	དང་	NO_POS
གཙུག་ཏོར་	གཙུག་ཏོར་	PROPN
གྱི་	གི་	PART
བ་	བ་	NOUN
ལ་	ལ་	PART
ཐོན་པ་	ཐོན་པ་	VERB
ས་	གིས་	PART
དུས་སྦྱོར་	དུས་སྦྱོར་	NOUN
བཅུ་གཅིག་	བཅུ་གཅིག་	NO_POS
གི་	གི་	PART
རླུང་	རླུང་	NOUN
འགགས་པ་	འགགས་པ་	VERB
ས་	གིས་	PART
ས་བཅུ་	ས་བཅུ་	NO_POS
གཅིག་	གཅིག་	NUM
གི་	གི་	PART
ཡོན་ཏན་	ཡོན་ཏན་	NOUN
ཐོབ་	ཐོབ་	VERB
།		PUNCT
གཙུག་ཏོར་	གཙུག་ཏོར་	PROPN
ལ་	ལ་	PART
ཐོན་པ་	ཐོན་པ་	VERB
ས་	གིས་	PART
དུས་སྦྱོར་	དུས་སྦྱོར་	NOUN
བཅུ་གཉིས་	བཅུ་གཉིས་	NO_POS
ཀྱི་	གི་	PART
རླུང་	རླུང་	NOUN
འགགས་པ་	འགགས་པ་	VERB
ས་	གིས་	PART
ས་བཅུ་	ས་བཅུ་	NO_POS
གཉིས་	གཉིས་	NUM
ཀྱི་	གི་	PART
		
༽		PUNCT
ཡོན་ཏན་	ཡོན་ཏན་	NOUN
ཐོབ་	ཐོབ་	VERB
།		PUNCT
དྭངས་མ་	དྭངས་མ་	ADJ
ཧཾ་		NON_WORD
ཡིག་	ཡིག་	NOUN
དང་	དང་	NO_POS
གཉིས་	གཉིས་	NUM
མེད་	མེད་	VERB
དུ་	ལ་	PART
བཅིངས་	བཅིངས་	VERB
བ་	བ་	ADP
དུས་སྦྱོར་	དུས་སྦྱོར་	NOUN
བཅུ་གསུམ་	བཅུ་གསུམ་	NO_POS
གྱི་	གི་	PART
རླུང་	རླུང་	NOUN
འགགས་པ་	འགགས་པ་	VERB
ས་	གིས་	PART
ས་བཅུ་	ས་བཅུ་	NO_POS
གསུམ་	གསུམ་	NUM
གྱི་	གི་	PART
ཡོན་ཏན་	ཡོན་ཏན་	NOUN
ཐོབ་པ་	ཐོབ་པ་	VERB
ཡིན་	ཡིན་	NO_POS
ནོ་	གོ་	PART
།		PUNCT
ནང་	ནང་	NOUN
གི་	གི་	PART
ཡོན་ཏན་	ཡོན་ཏན་	NOUN
རྣམས་	རྣམས་	DET
རང་ཆས་	རང་ཆས་	NO_POS
སུ་	ལ་	PART
རྫོགས་པ་	རྫོགས་པ་	VERB
འི་	གི་	PART
རྟགས་	རྟགས་	NOUN
ཕྱི་	ཕྱི་	OTHER
ཤར་བ་	ཤར་བ་	VERB
ཡང་	ཀྱང་	PART
མཚན་	མཚན་	NOUN
བཟང་	བཟང་	VERB
སོ་	གོ་	PART
གཉིས་	གཉིས་	NUM
།		PUNCT
དཔེ་བྱད་	དཔེ་བྱད་	NOUN
བརྒྱད་ཅུ་	བརྒྱད་ཅུ་	NO_POS
།		PUNCT
ཡེ་ཤེས་	ཡེ་ཤེས་	NOUN
བཅུ་དྲུག་	བཅུ་དྲུག་	NO_POS
ལ་སོགས་པ་	ལ་སོགས་པ་	NO_POS
ཐམས་ཅད་	ཐམས་ཅད་	DET
ཡེ་ནས་	ཡེ་ནས་	NO_POS
ཡ་	ཡ་	OTHER
ལྡན་	ལྡན་	VERB
དུ་	ལ་	PART
གནས་པ་	གནས་པ་	VERB
འི་	གི་	PART
ལམ་	གམ་	PART
ཇི་བཞིན་པ་	ཇི་བཞིན་པ་	OTHER
ར་	ལ་	PART
ཉམས་	ཉམས་	NOUN
སུ་	ལ་	PART
བླངས་	བླངས་	VERB
ན་ཁ་	ན་ཁ་	NO_POS
སྦྱོར་	སྦྱོར་	VERB
ཡན་ལག་	ཡན་ལག་	NOUN
བདུན་	བདུན་	NUM
ལྡན་	ལྡན་	VERB
གྱི་	གི་	PART
སངས་རྒྱས་	སངས་རྒྱས་	NOUN
མངོན་དུ་	མངོན་དུ་	NO_POS
གྱུར་པ་	གྱུར་པ་	VERB
ཡིན་	ཡིན་	NO_POS
ནོ་	གོ་	PART
།		PUNCT
དེ་ལྟ་	དེ་ལྟ་	NO_POS
ལྡན་པ་	ལྡན་པ་	VERB
འི་	གི་	PART
རྣལ་འབྱོར་པ་	རྣལ་འབྱོར་པ་	NOUN
ས་	གིས་	PART
དམ་ཚིག་	དམ་ཚིག་	NOUN
གི་	གི་	PART
རིམ་པ་	རིམ་པ་	NOUN
རྣམས་	རྣམས་	DET
མི་	མི་	PART
ཉམས་པ་	ཉམས་པ་	VERB
ར་	ལ་	PART
བསྲུང་བ་	བསྲུང་བ་	VERB
གལ་ཆེ་	གལ་ཆེ་	OTHER
།		PUNCT
སྤྱི་		
སྔགས་	སྔགས་	NOUN
ཀྱི་	གི་	PART
དམ་ཚིག་	དམ་ཚིག་	NOUN
གྲངས་	གྲངས་	NOUN
མང་	མང་	VERB
ཡང་	ཀྱང་	PART
མདོ་	མདོ་	NOUN
ར་	ལ་	PART
བསྡུ་	བསྡུ་	VERB
ན་	ལ་	PART
འདི་	འདི་	DET
ལ་	ལ་	PART
ཚང་	ཚང་	VERB
སྟེ་	སྟེ་	PART
།		PUNCT
སྐུ་	སྐུ་	NOUN
འི་	གི་	PART
དམ་ཚིག་	དམ་ཚིག་	NOUN
ཏུ་	ལ་	PART
སྣང་སྲིད་	སྣང་སྲིད་	NOUN
ཐ་མལ་	ཐ་མལ་	ADJ
དུ་	ལ་	PART
མི་	མི་	PART
འཛིན་པ་	འཛིན་པ་	VERB
ར་	ལ་	PART
སྣང་	སྣང་	VERB
རྟོག་	རྟོག་	VERB
ལྷ་	ལྷ་	NOUN
འི་	གི་	PART
ཕྱག་རྒྱ་	ཕྱག་རྒྱ་	NOUN
ར་	ལ་	PART
བསྒོམ་	བསྒོམ་	VERB
ན་	ནས་	PART
སྐུ་	སྐུ་	NOUN
འི་	གི་	PART
འཁོར་ལོ་	འཁོར་ལོ་	NOUN
དང་	དང་	NO_POS
གཉིས་	གཉིས་	NUM
མེད་	མེད་	VERB
དུ་	ལ་	PART
བཅིང་	བཅིང་	NO_POS
།		PUNCT
གསུང་	གསུང་	VERB
གི་	གི་	PART
དམ་ཚིག་	དམ་ཚིག་	NOUN
ཏུ་	ལ་	PART
རླུང་	རླུང་	NOUN
སེམས་	སེམས་	NOUN
དབུ་མ་	དབུ་མ་	PROPN
ར་	ལ་	PART
བཙུད་	བཙུད་	NO_POS
ན་	ནས་	PART
རྩ་	རྩ་	NUM
གནས་	གནས་	NOUN
ཡི་གེ་	ཡི་གེ་	NOUN
འི་	གི་	PART
སྤྲིན་	སྤྲིན་	NOUN
དུ་	ལ་	PART
བསྒོམ་	བསྒོམ་	VERB
ཞིང་	ཅིང་	PART
གསུང་	གསུང་	VERB
གི་	གི་	PART
འཁོར་ལོ་	འཁོར་ལོ་	NOUN
ར་	ལ་	PART
བཅིང་	བཅིང་	NO_POS
།		PUNCT
ཐུགས་	ཐུགས་	NOUN
ཀྱི་	གི་	PART
དམ་ཚིག་	དམ་ཚིག་	NOUN
ཏུ་	ལ་	PART
ཐིག་ལེ་	ཐིག་ལེ་	NOUN
ཡུངས་འབྲུ་	ཡུངས་འབྲུ་	NO_POS
ཙམ་	ཙམ་	DET
ཡང་	ཀྱང་	PART
མི་	མི་	PART
ཉམས་	ཉམས་	NOUN
ཤིང་	ཅིང་	PART
བདེ་སྟོང་	བདེ་སྟོང་	NOUN
ཟག་པ་	ཟག་པ་	VERB
མེད་པ་	མེད་པ་	VERB
འི་	གི་	PART
ཡེ་ཤེས་	ཡེ་ཤེས་	NOUN
ཐུགས་	ཐུགས་	NOUN
ཀྱི་	གི་	PART
འཁོར་ལོ་	འཁོར་ལོ་	NOUN
ར་	ལ་	PART
བཅིང་	བཅིང་	NO_POS
།		PUNCT
ཡོན་ཏན་	ཡོན་ཏན་	NOUN
གྱི་	གི་	PART
དམ་ཚིག་	དམ་ཚིག་	NOUN
ཏུ་	ལ་	PART
བུད་མེད་	བུད་མེད་	NOUN
རྣམས་	རྣམས་	DET
ལ་	ལ་	PART
སྨད་པ་	སྨད་པ་	VERB
ར་	ལ་	PART
མི་	མི་	PART
བྱ་	བྱ་	VERB
ཞིང་	ཅིང་	PART
དམ་ཚིག་	དམ་ཚིག་	NOUN
གཅིག་པ་	གཅིག་པ་	ADJ
འི་	གི་	PART
རྡོ་རྗེ་	རྡོ་རྗེ་	NOUN
འི་	གི་	PART
སྤུན་	སྤུན་	NOUN
ལྟ་	ལྟ་	OTHER
བརྩེ་	བརྩེ་	NO_POS
ཞིང་	ཅིང་	PART
མཐོང་ཐོས་	མཐོང་ཐོས་	OTHER
མྱོང་ཚོར་	མྱོང་ཚོར་	OTHER
ལ་སོགས་པ་	ལ་སོགས་པ་	NO_POS
འི་	གི་	PART
		
༽		PUNCT
འདོད་ཡོན་	འདོད་ཡོན་	NOUN
ཐམས་ཅད་	ཐམས་ཅད་	DET
ཟག་མེད་	ཟག་མེད་	ADJ
ཀྱི་	གི་	PART
བདུད་རྩི་	བདུད་རྩི་	NOUN
འི་	གི་	PART
རང་བཞིན་	རང་བཞིན་	NOUN
དུ་	ལ་	PART
ལོངས་སྤྱོད་	ལོངས་སྤྱོད་	NOUN
ཚོགས་	ཚོགས་	NOUN
གཉིས་	གཉིས་	NUM
ཀྱི་	གི་	PART
འཁོར་ལོ་	འཁོར་ལོ་	NOUN
ར་	ལ་	PART
ཤེས་པ་	ཤེས་པ་	VERB
དང་	དང་	NO_POS
།		PUNCT
ཕྲིན་ལས་	ཕྲིན་ལས་	NOUN
ཀྱི་	གི་	PART
དམ་ཚིག་	དམ་ཚིག་	NOUN
ཏུ་	ལ་	PART
དྷུ་		NON_WORD
ཏིའི་		NON_WORD
མེ་	མེ་	NOUN
དང་	དང་	NO_POS
བདུད་རྩི་	བདུད་རྩི་	NOUN
འི་	གི་	PART
སྦྱོར་བ་	སྦྱོར་བ་	VERB
ལ་	ལ་	PART
བརྟེན་	བརྟེན་	VERB
ན་	ནས་	PART
ཁམས་	ཁམས་	NOUN
གསུམ་	གསུམ་	NUM
སེམས་ཅན་	སེམས་ཅན་	NOUN
ཐམས་ཅད་	ཐམས་ཅད་	DET
ཀྱི་	གི་	PART
གནས་ཡུལ་	གནས་ཡུལ་	NO_POS
སྡིག་སྒྲིབ་	སྡིག་སྒྲིབ་	NOUN
བག་ཆགས་	བག་ཆགས་	NOUN
ལ་	ལ་	ADP
ས་	གིས་	PART
ཉོན་	ཉོན་	VERB
ཐམས་ཅད་	ཐམས་ཅད་	DET
དབུ་མ་	དབུ་མ་	PROPN
ཆོས་ཉིད་	ཆོས་ཉིད་	NOUN
ཀྱི་	གི་	PART
ཀློང་	ཀློང་	NOUN
དུ་	ལ་	PART
བསྲེགས་	བསྲེགས་	NO_POS
ན་	ནས་	PART
ཐམས་ཅད་	ཐམས་ཅད་	DET
དག་	དག་	DET
མཉམ་	མཉམ་	VERB
ཆོས་སྐུ་	ཆོས་སྐུ་	NOUN
འི་	གི་	PART
དབྱིངས་	དབྱིངས་	NOUN
སུ་	ལ་	PART
ཆུབ་པ་	ཆུབ་པ་	VERB
ར་	ལ་	PART
བྱེད་པ་	བྱེད་པ་	VERB
འོ་	གོ་	PART
།		PUNCT
དེ་ལྟ་	དེ་ལྟ་	NO_POS
མི་	མི་	PART
ལྡན་པ་	ལྡན་པ་	VERB
ར་	ལ་	PART
ཡུལ་	ཡུལ་	NOUN
གྱི་	གི་	PART
ཆགས་སྲེད་	ཆགས་སྲེད་	NO_POS
ལ་	ལ་	PART
ལྟོ་	ལྟོ་	VERB
ན་	ནས་	PART
སྔགས་	སྔགས་	NOUN
ལ་ཁ་	ལ་ཁ་	NOUN
ཁྱེ་	ཁྱེ་	VERB
ཏེ་	སྟེ་	PART
སྔགས་པ་	སྔགས་པ་	NOUN
འི་	གི་	PART
དམ་ཚིག་	དམ་ཚིག་	NOUN
ཉམས་པ་	ཉམས་པ་	VERB
དང་	དང་	NO_POS
།		PUNCT
བཙུན་པ་	བཙུན་པ་	NOUN
འི་	གི་	PART
ཚུལ་ཁྲིམས་	ཚུལ་ཁྲིམས་	NOUN
རལ་བ་	རལ་བ་	NOUN
ནི་	ནི་	NO_POS
ཤི་	ཤི་	VERB
མ་	མ་	PART
ཐག་	ཐག་	VERB
ཏུ་	ལ་	PART
ལ་	ལ་	ADP
ས་	གིས་	PART
ཀྱི་	གི་	PART
མཁའ་འགྲོ་	མཁའ་འགྲོ་	NOUN
ས་	གིས་	PART
དམ་ཚིག་	དམ་ཚིག་	NOUN
གི་	གི་	PART
རྗེས་	རྗེས་	NOUN
བཅད་	བཅད་	VERB
ན་	ནས་	PART
རྡོ་རྗེ་	རྡོ་རྗེ་	NOUN
འི་	གི་	PART
དམྱལ་བ་	དམྱལ་བ་	NOUN
ར་	ལ་	PART
ལྟུང་བ་	ལྟུང་བ་	VERB
གདོན་	གདོན་	NOUN
མི་	མི་	PART
ཟ་བ་	ཟ་བ་	VERB
ཡིན་པ་	ཡིན་པ་	AUX
ས་	གིས་	PART
།		PUNCT
མཚན་ལྡན་	མཚན་ལྡན་	ADJ
གྱི་	གི་	PART
བླ་མ་	བླ་མ་	NOUN
ལ་	ལ་	PART
བརྟེན་	བརྟེན་	VERB
ན་	ནས་	PART
བླ་མ་	བླ་མ་	NOUN
འི་	གི་	PART
སྐུ་གསུང་ཐུགས་	སྐུ་གསུང་ཐུགས་	NOUN
ཀྱི་	གི་	PART
དམ་ཚིག་	དམ་ཚིག་	NOUN
ཚུལ་བཞིན་	ཚུལ་བཞིན་	NOUN
དུ་	ལ་	PART
བསྲུངས་	བསྲུངས་	NO_POS
ཏེ་	སྟེ་	PART
ལམ་	གམ་	PART
མ་	མ་	PART
ནོར་བ་	ནོར་བ་	VERB
ར་	ལ་	PART
རིམ་པ་	རིམ་པ་	NOUN
བཞིན་	བཞིན་	NOUN
དུ་	ལ་	PART
བརྟག་དཔྱད་	བརྟག་དཔྱད་	OTHER
གོམས་འདྲིས་	གོམས་འདྲིས་	NO_POS
ཀྱི་	གི་	PART
སྒོ་	སྒོ་	NOUN
ན་	ནས་	PART
ཉམས་	ཉམས་	NOUN
སུ་	ལ་	PART
བླང་བ་	བླང་བ་	VERB
ར་	ལ་	PART
བྱ་	བྱ་	VERB
འོ་	གོ་	PART
།།		PUNCT
ས་	ས་	ADP
མ་	མ་	PART
ཡ་	ཡ་	NOUN
།		PUNCT
རྒྱ་	རྒྱ་	NOUN
རྒྱ་	རྒྱ་	NOUN
རྒྱ་	རྒྱ་	NOUN
། །		PUNCT
དེ་ལྟ་	དེ་ལྟ་	NO_POS
མྱུར་ལམ་	མྱུར་ལམ་	OTHER
གསང་	གསང་	VERB
ཆེན་	ཆེན་	NO_POS
དགོངས་པ་	དགོངས་པ་	VERB
འི་	གི་	PART
བཅུད་	བཅུད་	NOUN
། །		PUNCT
སྣོད་	སྣོད་	NOUN
ངན་	ངན་	VERB
བདག་	བདག་	PRON
གི་	གི་	PART
ཡུལ་	ཡུལ་	NOUN
དུ་མ་	དུ་མ་	ADJ
གྱུར་	གྱུར་	VERB
ཀྱང་	ཀྱང་	PART
། །		PUNCT
གཏེར་ཆེན་	གཏེར་ཆེན་	OTHER
ཆོ་	ཆོ་	NOUN
ཀྱི་	གི་	PART
རྒྱལ་པོ་	རྒྱལ་པོ་	NOUN
འི་	གི་	PART
བཀའ་དྲིན་	བཀའ་དྲིན་	NOUN
ལ་	ལ་	ADP
ས་	གིས་	PART
།		PUNCT
ཁྱི་	ཁྱི་	NOUN
ཡི་	གི་	PART
ཁ་	ཁ་	PRON
ན་	ནས་	PART
སེང་དཀར་	སེང་དཀར་	NO_POS
འོ་མ་	འོ་མ་	NOUN
ཐོན་	ཐོན་	VERB
། །		PUNCT
ལས་ཅན་	ལས་ཅན་	ADJ
བུ་	བུ་	NOUN
ཡི་	གིས་	PART
ཚུལ་བཞིན་	ཚུལ་བཞིན་	NOUN
ཉམས་	ཉམས་	NOUN
བླངས་	བླངས་	VERB
ན་	ལ་	PART
།		PUNCT
		
༽།		PUNCT
ས་	ས་	ADP
དང་	དང་	NO_POS
ལམ་བགྲོད་	ལམ་བགྲོད་	NOUN
རིམ་པ་	རིམ་པ་	NOUN
ར་	ལ་	PART
མི་	མི་	PART
ལྟོས་པ་	ལྟོས་པ་	VERB
ར་	ལ་	PART
། །		PUNCT
ཟུང་འཇུག་	ཟུང་འཇུག་	NOUN
རྡོ་རྗེ་	རྡོ་རྗེ་	NOUN
འཆང་	འཆང་	NO_POS
གི་	གི་	PART
ས་	ས་	ADP
ཐོབ་	ཐོབ་	VERB
ངེས་	ངེས་	VERB
། །		PUNCT
ཞེས་་	ཞེས་པ་	PART
འདི་	འདི་	DET
སྔགས་	སྔགས་	NOUN
ཀྱི་	གི་	PART
རྣལ་འབྱོར་པ་	རྣལ་འབྱོར་པ་	NOUN
ཆོ་	ཆོ་	NOUN
སྤྲུལ་	སྤྲུལ་	VERB
བྷ་	བྷ་	NO_POS
དྲའི་		NON_WORD
མཚན་	མཚན་	NOUN
ཅན་	ཅན་	PART
གྱིས་	གིས་	PART
ནན་ཏན་	ནན་ཏན་	NOUN
ཆེན་པོ་	ཆེན་པོ་	ADJ
ས་	གིས་	PART
ཡང་ཡང་	ཡང་ཡང་	NO_POS
ལན་	ལན་	NOUN
གྲངས་	གྲངས་	NOUN
དུ་མ་	དུ་མ་	ADJ
ར་	ལ་	PART
བཀ་	བཀའ་	NOUN
ས་	གིས་	PART
བསྐུལ་	བསྐུལ་	VERB
ངོ་	ངོ་	PART
ར་	ལ་	PART
།		PUNCT
ལས་འབྲེལ་པ་	ལས་འབྲེལ་པ་	NOUN
འི་	གི་	PART
སློབ་འབངས་	སློབ་འབངས་	NOUN
ཀུན་	ཀུན་	DET
གྱི་	གི་	PART
ཐ་ཤལ་	ཐ་ཤལ་	ADJ
མདོ་	མདོ་	NOUN
མེད་	མེད་	VERB
འཆོལ་	འཆོལ་	NO_POS
མོ་	གོ་	PART
སྙིགས་དུས་	སྙིགས་དུས་	OTHER
གཏེར་	གཏེར་	NOUN
མིང་	མིང་	NOUN
འཛིན་པ་	འཛིན་པ་	VERB
བདེ་ཆེན་	བདེ་ཆེན་	NOUN
བདེ་བ་	བདེ་བ་	VERB
འི་	གི་	PART
རྡོ་རྗེ་	རྡོ་རྗེ་	NOUN
འམ་	གམ་	PART
ཀུན་བཟང་	ཀུན་བཟང་	ADJ
བདེ་སྐྱོང་	བདེ་སྐྱོང་	OTHER
དབང་	དབང་	NOUN
མོ་	མོ་	VERB
བྲིས་པ་	བྲིས་པ་	VERB
འོ་	གོ་	PART
།།		PUNCT
དགེ་	དགེ་	NOUN
འོ་	གོ་	PART
།།		PUNCT
